[{"model": "admin.logentry", "pk": 1, "fields": {"action_time": "2023-05-01T03:46:58.274Z", "user": 1, "content_type": 7, "object_id": "1", "object_repr": "Anteojos", "action_flag": 1, "change_message": "[{\"added\": {}}]"}}, {"model": "admin.logentry", "pk": 2, "fields": {"action_time": "2023-05-01T03:47:22.009Z", "user": 1, "content_type": 9, "object_id": "1", "object_repr": "Raiban", "action_flag": 1, "change_message": "[{\"added\": {}}]"}}, {"model": "admin.logentry", "pk": 3, "fields": {"action_time": "2023-05-01T04:04:22.532Z", "user": 1, "content_type": 9, "object_id": "2", "object_repr": "Gucci", "action_flag": 1, "change_message": "[{\"added\": {}}]"}}, {"model": "admin.logentry", "pk": 4, "fields": {"action_time": "2023-05-01T04:32:36.190Z", "user": 1, "content_type": 7, "object_id": "2", "object_repr": "relojes", "action_flag": 1, "change_message": "[{\"added\": {}}]"}}, {"model": "admin.logentry", "pk": 5, "fields": {"action_time": "2023-05-01T06:08:36.001Z", "user": 1, "content_type": 9, "object_id": "2", "object_repr": "Gucci", "action_flag": 2, "change_message": "[{\"changed\": {\"fields\": [\"Stock\"]}}]"}}, {"model": "admin.logentry", "pk": 6, "fields": {"action_time": "2023-05-01T06:34:47.147Z", "user": 1, "content_type": 9, "object_id": "2", "object_repr": "Gucci", "action_flag": 2, "change_message": "[{\"changed\": {\"fields\": [\"Images\"]}}]"}}, {"model": "admin.logentry", "pk": 7, "fields": {"action_time": "2023-05-01T06:34:55.356Z", "user": 1, "content_type": 9, "object_id": "1", "object_repr": "Raiban", "action_flag": 2, "change_message": "[{\"changed\": {\"fields\": [\"Images\"]}}]"}}, {"model": "admin.logentry", "pk": 8, "fields": {"action_time": "2023-05-07T15:22:08.525Z", "user": 1, "content_type": 11, "object_id": "3", "object_repr": "CartItem object (3)", "action_flag": 1, "change_message": "[{\"added\": {}}]"}}, {"model": "admin.logentry", "pk": 9, "fields": {"action_time": "2023-05-07T15:22:21.031Z", "user": 1, "content_type": 10, "object_id": "2", "object_repr": "hey9kpsckmvdthaqdgcwcfqyidjkhy2q", "action_flag": 3, "change_message": ""}}, {"model": "admin.logentry", "pk": 10, "fields": {"action_time": "2023-05-07T15:22:21.035Z", "user": 1, "content_type": 10, "object_id": "1", "object_repr": "rkfl5zkor278yw6e34w7y53wrljusom0", "action_flag": 3, "change_message": ""}}, {"model": "admin.logentry", "pk": 11, "fields": {"action_time": "2023-05-07T15:24:00.090Z", "user": 1, "content_type": 9, "object_id": "2", "object_repr": "Gucci", "action_flag": 2, "change_message": "[{\"changed\": {\"fields\": [\"Stock\"]}}]"}}, {"model": "admin.logentry", "pk": 12, "fields": {"action_time": "2023-05-07T15:24:34.475Z", "user": 1, "content_type": 9, "object_id": "3", "object_repr": "Reloj", "action_flag": 1, "change_message": "[{\"added\": {}}]"}}, {"model": "admin.logentry", "pk": 13, "fields": {"action_time": "2023-05-07T15:54:58.374Z", "user": 1, "content_type": 11, "object_id": "7", "object_repr": "CartItem object (7)", "action_flag": 1, "change_message": "[{\"added\": {}}]"}}, {"model": "admin.logentry", "pk": 14, "fields": {"action_time": "2023-05-08T20:24:11.979Z", "user": 1, "content_type": 11, "object_id": "7", "object_repr": "CartItem object (7)", "action_flag": 3, "change_message": ""}}, {"model": "admin.logentry", "pk": 15, "fields": {"action_time": "2023-05-08T20:24:11.983Z", "user": 1, "content_type": 11, "object_id": "6", "object_repr": "CartItem object (6)", "action_flag": 3, "change_message": ""}}, {"model": "admin.logentry", "pk": 16, "fields": {"action_time": "2023-05-08T20:24:11.988Z", "user": 1, "content_type": 11, "object_id": "5", "object_repr": "CartItem object (5)", "action_flag": 3, "change_message": ""}}, {"model": "admin.logentry", "pk": 17, "fields": {"action_time": "2023-05-08T20:24:11.994Z", "user": 1, "content_type": 11, "object_id": "4", "object_repr": "CartItem object (4)", "action_flag": 3, "change_message": ""}}, {"model": "admin.logentry", "pk": 18, "fields": {"action_time": "2023-05-08T20:24:18.637Z", "user": 1, "content_type": 10, "object_id": "3", "object_repr": "wxeh859kzbyb6mghjomga5xj6u79wd5n", "action_flag": 3, "change_message": ""}}, {"model": "admin.logentry", "pk": 19, "fields": {"action_time": "2023-05-09T04:30:18.030Z", "user": 1, "content_type": 12, "object_id": "1", "object_repr": "color : Verde", "action_flag": 1, "change_message": "[{\"added\": {}}]"}}, {"model": "admin.logentry", "pk": 20, "fields": {"action_time": "2023-05-09T04:30:28.071Z", "user": 1, "content_type": 12, "object_id": "2", "object_repr": "color : Azul", "action_flag": 1, "change_message": "[{\"added\": {}}]"}}, {"model": "admin.logentry", "pk": 21, "fields": {"action_time": "2023-05-09T04:30:41.334Z", "user": 1, "content_type": 12, "object_id": "3", "object_repr": "color : azul", "action_flag": 1, "change_message": "[{\"added\": {}}]"}}, {"model": "admin.logentry", "pk": 22, "fields": {"action_time": "2023-05-09T04:30:49.789Z", "user": 1, "content_type": 12, "object_id": "4", "object_repr": "color : negro", "action_flag": 1, "change_message": "[{\"added\": {}}]"}}, {"model": "admin.logentry", "pk": 23, "fields": {"action_time": "2023-05-09T04:37:19.874Z", "user": 1, "content_type": 12, "object_id": "5", "object_repr": "color : azul", "action_flag": 1, "change_message": "[{\"added\": {}}]"}}, {"model": "admin.logentry", "pk": 24, "fields": {"action_time": "2023-05-09T04:50:09.719Z", "user": 1, "content_type": 12, "object_id": "6", "object_repr": "talla : small", "action_flag": 1, "change_message": "[{\"added\": {}}]"}}, {"model": "admin.logentry", "pk": 25, "fields": {"action_time": "2023-05-09T21:41:01.004Z", "user": 1, "content_type": 12, "object_id": "7", "object_repr": "color : Verde", "action_flag": 1, "change_message": "[{\"added\": {}}]"}}, {"model": "admin.logentry", "pk": 26, "fields": {"action_time": "2023-05-09T21:56:28.047Z", "user": 1, "content_type": 12, "object_id": "7", "object_repr": "color : Verde", "action_flag": 3, "change_message": ""}}, {"model": "admin.logentry", "pk": 27, "fields": {"action_time": "2023-05-09T21:56:28.051Z", "user": 1, "content_type": 12, "object_id": "6", "object_repr": "talla : small", "action_flag": 3, "change_message": ""}}, {"model": "admin.logentry", "pk": 28, "fields": {"action_time": "2023-05-09T21:56:28.055Z", "user": 1, "content_type": 12, "object_id": "2", "object_repr": "color : Azul", "action_flag": 3, "change_message": ""}}, {"model": "admin.logentry", "pk": 29, "fields": {"action_time": "2023-05-09T21:57:17.260Z", "user": 1, "content_type": 11, "object_id": "8", "object_repr": "CartItem object (8)", "action_flag": 3, "change_message": ""}}, {"model": "admin.logentry", "pk": 30, "fields": {"action_time": "2023-05-09T21:57:17.263Z", "user": 1, "content_type": 11, "object_id": "7", "object_repr": "CartItem object (7)", "action_flag": 3, "change_message": ""}}, {"model": "admin.logentry", "pk": 31, "fields": {"action_time": "2023-05-09T21:57:17.267Z", "user": 1, "content_type": 11, "object_id": "6", "object_repr": "CartItem object (6)", "action_flag": 3, "change_message": ""}}, {"model": "admin.logentry", "pk": 32, "fields": {"action_time": "2023-05-09T21:57:17.270Z", "user": 1, "content_type": 11, "object_id": "5", "object_repr": "CartItem object (5)", "action_flag": 3, "change_message": ""}}, {"model": "admin.logentry", "pk": 33, "fields": {"action_time": "2023-05-09T21:58:06.627Z", "user": 1, "content_type": 12, "object_id": "8", "object_repr": "talla : small", "action_flag": 1, "change_message": "[{\"added\": {}}]"}}, {"model": "admin.logentry", "pk": 34, "fields": {"action_time": "2023-05-09T23:04:03.825Z", "user": 1, "content_type": 11, "object_id": "12", "object_repr": "CartItem object (12)", "action_flag": 3, "change_message": ""}}, {"model": "admin.logentry", "pk": 35, "fields": {"action_time": "2023-05-09T23:04:03.828Z", "user": 1, "content_type": 11, "object_id": "11", "object_repr": "CartItem object (11)", "action_flag": 3, "change_message": ""}}, {"model": "admin.logentry", "pk": 36, "fields": {"action_time": "2023-05-09T23:04:03.831Z", "user": 1, "content_type": 11, "object_id": "10", "object_repr": "CartItem object (10)", "action_flag": 3, "change_message": ""}}, {"model": "admin.logentry", "pk": 37, "fields": {"action_time": "2023-05-09T23:04:58.386Z", "user": 1, "content_type": 12, "object_id": "3", "object_repr": "color : azul", "action_flag": 3, "change_message": ""}}, {"model": "admin.logentry", "pk": 38, "fields": {"action_time": "2023-05-09T23:05:12.704Z", "user": 1, "content_type": 12, "object_id": "9", "object_repr": "color : Verde", "action_flag": 1, "change_message": "[{\"added\": {}}]"}}, {"model": "admin.logentry", "pk": 39, "fields": {"action_time": "2023-05-09T23:05:23.563Z", "user": 1, "content_type": 12, "object_id": "10", "object_repr": "talla : small", "action_flag": 1, "change_message": "[{\"added\": {}}]"}}, {"model": "admin.logentry", "pk": 40, "fields": {"action_time": "2023-05-09T23:05:44.871Z", "user": 1, "content_type": 12, "object_id": "11", "object_repr": "color : Azul", "action_flag": 1, "change_message": "[{\"added\": {}}]"}}, {"model": "admin.logentry", "pk": 41, "fields": {"action_time": "2023-05-14T18:22:13.705Z", "user": 1, "content_type": 8, "object_id": "18", "object_repr": "rstecpy@gmail.com", "action_flag": 2, "change_message": "[{\"changed\": {\"fields\": [\"Is active\"]}}]"}}, {"model": "admin.logentry", "pk": 42, "fields": {"action_time": "2023-05-14T21:27:24.873Z", "user": 1, "content_type": 10, "object_id": "10", "object_repr": "mbz4uben3jjv6c8dg7hyq6vw9lfxyrp5", "action_flag": 3, "change_message": ""}}, {"model": "admin.logentry", "pk": 43, "fields": {"action_time": "2023-05-14T21:27:24.880Z", "user": 1, "content_type": 10, "object_id": "9", "object_repr": "hcjwan0hv7rxe4zd6brfzeoddp2dxa45", "action_flag": 3, "change_message": ""}}, {"model": "admin.logentry", "pk": 44, "fields": {"action_time": "2023-05-14T21:27:24.884Z", "user": 1, "content_type": 10, "object_id": "8", "object_repr": "716j6sd2w96hz3zr3yguqswql98vxh15", "action_flag": 3, "change_message": ""}}, {"model": "admin.logentry", "pk": 45, "fields": {"action_time": "2023-05-14T21:27:24.889Z", "user": 1, "content_type": 10, "object_id": "7", "object_repr": "h20hcvy2lkja4u9jer0vubhni2i6enxi", "action_flag": 3, "change_message": ""}}, {"model": "admin.logentry", "pk": 46, "fields": {"action_time": "2023-05-14T21:27:24.895Z", "user": 1, "content_type": 10, "object_id": "6", "object_repr": "hcqlqd4xfj6sgj2v1qcsu7f2c7whmfl6", "action_flag": 3, "change_message": ""}}, {"model": "admin.logentry", "pk": 47, "fields": {"action_time": "2023-05-14T21:27:24.900Z", "user": 1, "content_type": 10, "object_id": "5", "object_repr": "bonju9ut38z2e60gvi93oy0encwge3kw", "action_flag": 3, "change_message": ""}}, {"model": "admin.logentry", "pk": 48, "fields": {"action_time": "2023-05-14T21:27:24.904Z", "user": 1, "content_type": 10, "object_id": "4", "object_repr": "wxeh859kzbyb6mghjomga5xj6u79wd5n", "action_flag": 3, "change_message": ""}}, {"model": "admin.logentry", "pk": 49, "fields": {"action_time": "2023-05-14T22:01:15.597Z", "user": 1, "content_type": 10, "object_id": "12", "object_repr": "bydevdt9goz4ssxc5izukswlx4cwi0z9", "action_flag": 3, "change_message": ""}}, {"model": "admin.logentry", "pk": 50, "fields": {"action_time": "2023-05-14T22:01:15.601Z", "user": 1, "content_type": 10, "object_id": "11", "object_repr": "vw6i28b9hdhxh8mtmkrvtkt2dkuf2tdx", "action_flag": 3, "change_message": ""}}, {"model": "admin.logentry", "pk": 51, "fields": {"action_time": "2023-05-14T22:46:23.684Z", "user": 1, "content_type": 11, "object_id": "33", "object_repr": "CartItem object (33)", "action_flag": 3, "change_message": ""}}, {"model": "admin.logentry", "pk": 52, "fields": {"action_time": "2023-05-14T22:46:23.689Z", "user": 1, "content_type": 11, "object_id": "32", "object_repr": "CartItem object (32)", "action_flag": 3, "change_message": ""}}, {"model": "admin.logentry", "pk": 53, "fields": {"action_time": "2023-05-14T22:46:23.692Z", "user": 1, "content_type": 11, "object_id": "31", "object_repr": "CartItem object (31)", "action_flag": 3, "change_message": ""}}, {"model": "admin.logentry", "pk": 54, "fields": {"action_time": "2023-05-14T22:46:31.428Z", "user": 1, "content_type": 10, "object_id": "13", "object_repr": "6mvrhq4k5p11x3317rb1mrmltahgl2c4", "action_flag": 3, "change_message": ""}}, {"model": "admin.logentry", "pk": 55, "fields": {"action_time": "2023-05-28T16:23:37.233Z", "user": 1, "content_type": 9, "object_id": "3", "object_repr": "Reloj", "action_flag": 2, "change_message": "[{\"changed\": {\"fields\": [\"Stock\"]}}]"}}, {"model": "admin.logentry", "pk": 56, "fields": {"action_time": "2023-05-28T16:23:46.705Z", "user": 1, "content_type": 9, "object_id": "1", "object_repr": "Raiban", "action_flag": 2, "change_message": "[{\"changed\": {\"fields\": [\"Stock\"]}}]"}}, {"model": "admin.logentry", "pk": 57, "fields": {"action_time": "2023-05-28T16:23:52.870Z", "user": 1, "content_type": 9, "object_id": "2", "object_repr": "Gucci", "action_flag": 2, "change_message": "[{\"changed\": {\"fields\": [\"Stock\"]}}]"}}, {"model": "admin.logentry", "pk": 58, "fields": {"action_time": "2023-05-28T16:24:06.435Z", "user": 1, "content_type": 12, "object_id": "12", "object_repr": "talla : M", "action_flag": 1, "change_message": "[{\"added\": {}}]"}}, {"model": "admin.logentry", "pk": 59, "fields": {"action_time": "2023-05-28T16:24:56.040Z", "user": 1, "content_type": 12, "object_id": "13", "object_repr": "color : Verde", "action_flag": 1, "change_message": "[{\"added\": {}}]"}}, {"model": "admin.logentry", "pk": 60, "fields": {"action_time": "2023-06-04T03:31:58.655Z", "user": 1, "content_type": 16, "object_id": "1", "object_repr": "Genial", "action_flag": 1, "change_message": "[{\"added\": {}}]"}}, {"model": "admin.logentry", "pk": 61, "fields": {"action_time": "2023-06-04T03:32:10.544Z", "user": 1, "content_type": 16, "object_id": "1", "object_repr": "Genial", "action_flag": 3, "change_message": ""}}, {"model": "admin.logentry", "pk": 62, "fields": {"action_time": "2023-06-04T05:26:45.108Z", "user": 1, "content_type": 17, "object_id": "1", "object_repr": "Rodney", "action_flag": 1, "change_message": "[{\"added\": {}}]"}}, {"model": "admin.logentry", "pk": 63, "fields": {"action_time": "2023-06-04T06:26:43.762Z", "user": 1, "content_type": 17, "object_id": "1", "object_repr": "Rodney", "action_flag": 2, "change_message": "[{\"changed\": {\"fields\": [\"Profile picture\"]}}]"}}, {"model": "admin.logentry", "pk": 64, "fields": {"action_time": "2023-06-04T06:26:50.658Z", "user": 1, "content_type": 17, "object_id": "1", "object_repr": "Rodney", "action_flag": 2, "change_message": "[]"}}, {"model": "admin.logentry", "pk": 65, "fields": {"action_time": "2023-06-04T06:37:06.126Z", "user": 1, "content_type": 8, "object_id": "19", "object_repr": "rrojas@paraguayeduca.org", "action_flag": 2, "change_message": "[]"}}, {"model": "admin.logentry", "pk": 66, "fields": {"action_time": "2023-06-04T06:38:42.179Z", "user": 1, "content_type": 8, "object_id": "18", "object_repr": "rstecpy@gmail.com", "action_flag": 2, "change_message": "[{\"changed\": {\"fields\": [\"password\"]}}]"}}, {"model": "admin.logentry", "pk": 67, "fields": {"action_time": "2023-06-04T06:38:44.310Z", "user": 1, "content_type": 8, "object_id": "18", "object_repr": "rstecpy@gmail.com", "action_flag": 2, "change_message": "[]"}}, {"model": "admin.logentry", "pk": 68, "fields": {"action_time": "2023-06-04T06:44:55.493Z", "user": 1, "content_type": 17, "object_id": "2", "object_repr": "Rodney", "action_flag": 1, "change_message": "[{\"added\": {}}]"}}, {"model": "admin.logentry", "pk": 69, "fields": {"action_time": "2023-06-04T06:45:36.235Z", "user": 1, "content_type": 17, "object_id": "3", "object_repr": "Rodney", "action_flag": 1, "change_message": "[{\"added\": {}}]"}}, {"model": "admin.logentry", "pk": 70, "fields": {"action_time": "2023-06-04T07:02:45.723Z", "user": 1, "content_type": 8, "object_id": "21", "object_repr": "innotronicsparaguay@gmail.com", "action_flag": 3, "change_message": ""}}, {"model": "admin.logentry", "pk": 71, "fields": {"action_time": "2023-06-04T07:02:45.728Z", "user": 1, "content_type": 8, "object_id": "20", "object_repr": "rodneyrrs@hotmail.com", "action_flag": 3, "change_message": ""}}, {"model": "admin.logentry", "pk": 72, "fields": {"action_time": "2023-06-04T07:04:03.520Z", "user": 1, "content_type": 8, "object_id": "22", "object_repr": "innotronicsparaguay@gmail.com", "action_flag": 3, "change_message": ""}}, {"model": "admin.logentry", "pk": 73, "fields": {"action_time": "2023-06-04T07:04:49.066Z", "user": 1, "content_type": 8, "object_id": "23", "object_repr": "innotronicsparaguay@gmail.com", "action_flag": 3, "change_message": ""}}, {"model": "admin.logentry", "pk": 74, "fields": {"action_time": "2023-06-04T07:06:18.623Z", "user": 1, "content_type": 8, "object_id": "24", "object_repr": "innotronicsparaguay@gmail.com", "action_flag": 3, "change_message": ""}}, {"model": "admin.logentry", "pk": 75, "fields": {"action_time": "2023-06-04T07:54:24.991Z", "user": 1, "content_type": 16, "object_id": "2", "object_repr": "", "action_flag": 3, "change_message": ""}}, {"model": "admin.logentry", "pk": 76, "fields": {"action_time": "2023-06-04T07:54:24.995Z", "user": 1, "content_type": 16, "object_id": "1", "object_repr": "Genial", "action_flag": 3, "change_message": ""}}, {"model": "auth.permission", "pk": 1, "fields": {"name": "Can add log entry", "content_type": 1, "codename": "add_logentry"}}, {"model": "auth.permission", "pk": 2, "fields": {"name": "Can change log entry", "content_type": 1, "codename": "change_logentry"}}, {"model": "auth.permission", "pk": 3, "fields": {"name": "Can delete log entry", "content_type": 1, "codename": "delete_logentry"}}, {"model": "auth.permission", "pk": 4, "fields": {"name": "Can view log entry", "content_type": 1, "codename": "view_logentry"}}, {"model": "auth.permission", "pk": 5, "fields": {"name": "Can add permission", "content_type": 2, "codename": "add_permission"}}, {"model": "auth.permission", "pk": 6, "fields": {"name": "Can change permission", "content_type": 2, "codename": "change_permission"}}, {"model": "auth.permission", "pk": 7, "fields": {"name": "Can delete permission", "content_type": 2, "codename": "delete_permission"}}, {"model": "auth.permission", "pk": 8, "fields": {"name": "Can view permission", "content_type": 2, "codename": "view_permission"}}, {"model": "auth.permission", "pk": 9, "fields": {"name": "Can add group", "content_type": 3, "codename": "add_group"}}, {"model": "auth.permission", "pk": 10, "fields": {"name": "Can change group", "content_type": 3, "codename": "change_group"}}, {"model": "auth.permission", "pk": 11, "fields": {"name": "Can delete group", "content_type": 3, "codename": "delete_group"}}, {"model": "auth.permission", "pk": 12, "fields": {"name": "Can view group", "content_type": 3, "codename": "view_group"}}, {"model": "auth.permission", "pk": 13, "fields": {"name": "Can add content type", "content_type": 4, "codename": "add_contenttype"}}, {"model": "auth.permission", "pk": 14, "fields": {"name": "Can change content type", "content_type": 4, "codename": "change_contenttype"}}, {"model": "auth.permission", "pk": 15, "fields": {"name": "Can delete content type", "content_type": 4, "codename": "delete_contenttype"}}, {"model": "auth.permission", "pk": 16, "fields": {"name": "Can view content type", "content_type": 4, "codename": "view_contenttype"}}, {"model": "auth.permission", "pk": 17, "fields": {"name": "Can add session", "content_type": 5, "codename": "add_session"}}, {"model": "auth.permission", "pk": 18, "fields": {"name": "Can change session", "content_type": 5, "codename": "change_session"}}, {"model": "auth.permission", "pk": 19, "fields": {"name": "Can delete session", "content_type": 5, "codename": "delete_session"}}, {"model": "auth.permission", "pk": 20, "fields": {"name": "Can view session", "content_type": 5, "codename": "view_session"}}, {"model": "auth.permission", "pk": 21, "fields": {"name": "Can add usuario", "content_type": 6, "codename": "add_usuario"}}, {"model": "auth.permission", "pk": 22, "fields": {"name": "Can change usuario", "content_type": 6, "codename": "change_usuario"}}, {"model": "auth.permission", "pk": 23, "fields": {"name": "Can delete usuario", "content_type": 6, "codename": "delete_usuario"}}, {"model": "auth.permission", "pk": 24, "fields": {"name": "Can view usuario", "content_type": 6, "codename": "view_usuario"}}, {"model": "auth.permission", "pk": 25, "fields": {"name": "Can add category", "content_type": 7, "codename": "add_category"}}, {"model": "auth.permission", "pk": 26, "fields": {"name": "Can change category", "content_type": 7, "codename": "change_category"}}, {"model": "auth.permission", "pk": 27, "fields": {"name": "Can delete category", "content_type": 7, "codename": "delete_category"}}, {"model": "auth.permission", "pk": 28, "fields": {"name": "Can view category", "content_type": 7, "codename": "view_category"}}, {"model": "auth.permission", "pk": 29, "fields": {"name": "Can add account", "content_type": 8, "codename": "add_account"}}, {"model": "auth.permission", "pk": 30, "fields": {"name": "Can change account", "content_type": 8, "codename": "change_account"}}, {"model": "auth.permission", "pk": 31, "fields": {"name": "Can delete account", "content_type": 8, "codename": "delete_account"}}, {"model": "auth.permission", "pk": 32, "fields": {"name": "Can view account", "content_type": 8, "codename": "view_account"}}, {"model": "auth.permission", "pk": 33, "fields": {"name": "Can add product", "content_type": 9, "codename": "add_product"}}, {"model": "auth.permission", "pk": 34, "fields": {"name": "Can change product", "content_type": 9, "codename": "change_product"}}, {"model": "auth.permission", "pk": 35, "fields": {"name": "Can delete product", "content_type": 9, "codename": "delete_product"}}, {"model": "auth.permission", "pk": 36, "fields": {"name": "Can view product", "content_type": 9, "codename": "view_product"}}, {"model": "auth.permission", "pk": 37, "fields": {"name": "Can add cart", "content_type": 10, "codename": "add_cart"}}, {"model": "auth.permission", "pk": 38, "fields": {"name": "Can change cart", "content_type": 10, "codename": "change_cart"}}, {"model": "auth.permission", "pk": 39, "fields": {"name": "Can delete cart", "content_type": 10, "codename": "delete_cart"}}, {"model": "auth.permission", "pk": 40, "fields": {"name": "Can view cart", "content_type": 10, "codename": "view_cart"}}, {"model": "auth.permission", "pk": 41, "fields": {"name": "Can add cart item", "content_type": 11, "codename": "add_cartitem"}}, {"model": "auth.permission", "pk": 42, "fields": {"name": "Can change cart item", "content_type": 11, "codename": "change_cartitem"}}, {"model": "auth.permission", "pk": 43, "fields": {"name": "Can delete cart item", "content_type": 11, "codename": "delete_cartitem"}}, {"model": "auth.permission", "pk": 44, "fields": {"name": "Can view cart item", "content_type": 11, "codename": "view_cartitem"}}, {"model": "auth.permission", "pk": 45, "fields": {"name": "Can add variation", "content_type": 12, "codename": "add_variation"}}, {"model": "auth.permission", "pk": 46, "fields": {"name": "Can change variation", "content_type": 12, "codename": "change_variation"}}, {"model": "auth.permission", "pk": 47, "fields": {"name": "Can delete variation", "content_type": 12, "codename": "delete_variation"}}, {"model": "auth.permission", "pk": 48, "fields": {"name": "Can view variation", "content_type": 12, "codename": "view_variation"}}, {"model": "auth.permission", "pk": 49, "fields": {"name": "Can add payment", "content_type": 13, "codename": "add_payment"}}, {"model": "auth.permission", "pk": 50, "fields": {"name": "Can change payment", "content_type": 13, "codename": "change_payment"}}, {"model": "auth.permission", "pk": 51, "fields": {"name": "Can delete payment", "content_type": 13, "codename": "delete_payment"}}, {"model": "auth.permission", "pk": 52, "fields": {"name": "Can view payment", "content_type": 13, "codename": "view_payment"}}, {"model": "auth.permission", "pk": 53, "fields": {"name": "Can add order", "content_type": 14, "codename": "add_order"}}, {"model": "auth.permission", "pk": 54, "fields": {"name": "Can change order", "content_type": 14, "codename": "change_order"}}, {"model": "auth.permission", "pk": 55, "fields": {"name": "Can delete order", "content_type": 14, "codename": "delete_order"}}, {"model": "auth.permission", "pk": 56, "fields": {"name": "Can view order", "content_type": 14, "codename": "view_order"}}, {"model": "auth.permission", "pk": 57, "fields": {"name": "Can add order product", "content_type": 15, "codename": "add_orderproduct"}}, {"model": "auth.permission", "pk": 58, "fields": {"name": "Can change order product", "content_type": 15, "codename": "change_orderproduct"}}, {"model": "auth.permission", "pk": 59, "fields": {"name": "Can delete order product", "content_type": 15, "codename": "delete_orderproduct"}}, {"model": "auth.permission", "pk": 60, "fields": {"name": "Can view order product", "content_type": 15, "codename": "view_orderproduct"}}, {"model": "auth.permission", "pk": 61, "fields": {"name": "Can add review rating", "content_type": 16, "codename": "add_reviewrating"}}, {"model": "auth.permission", "pk": 62, "fields": {"name": "Can change review rating", "content_type": 16, "codename": "change_reviewrating"}}, {"model": "auth.permission", "pk": 63, "fields": {"name": "Can delete review rating", "content_type": 16, "codename": "delete_reviewrating"}}, {"model": "auth.permission", "pk": 64, "fields": {"name": "Can view review rating", "content_type": 16, "codename": "view_reviewrating"}}, {"model": "auth.permission", "pk": 65, "fields": {"name": "Can add user profile", "content_type": 17, "codename": "add_userprofile"}}, {"model": "auth.permission", "pk": 66, "fields": {"name": "Can change user profile", "content_type": 17, "codename": "change_userprofile"}}, {"model": "auth.permission", "pk": 67, "fields": {"name": "Can delete user profile", "content_type": 17, "codename": "delete_userprofile"}}, {"model": "auth.permission", "pk": 68, "fields": {"name": "Can view user profile", "content_type": 17, "codename": "view_userprofile"}}, {"model": "contenttypes.contenttype", "pk": 1, "fields": {"app_label": "admin", "model": "logentry"}}, {"model": "contenttypes.contenttype", "pk": 2, "fields": {"app_label": "auth", "model": "permission"}}, {"model": "contenttypes.contenttype", "pk": 3, "fields": {"app_label": "auth", "model": "group"}}, {"model": "contenttypes.contenttype", "pk": 4, "fields": {"app_label": "contenttypes", "model": "contenttype"}}, {"model": "contenttypes.contenttype", "pk": 5, "fields": {"app_label": "sessions", "model": "session"}}, {"model": "contenttypes.contenttype", "pk": 6, "fields": {"app_label": "usuarios", "model": "usuario"}}, {"model": "contenttypes.contenttype", "pk": 7, "fields": {"app_label": "category", "model": "category"}}, {"model": "contenttypes.contenttype", "pk": 8, "fields": {"app_label": "accounts", "model": "account"}}, {"model": "contenttypes.contenttype", "pk": 9, "fields": {"app_label": "store", "model": "product"}}, {"model": "contenttypes.contenttype", "pk": 10, "fields": {"app_label": "carts", "model": "cart"}}, {"model": "contenttypes.contenttype", "pk": 11, "fields": {"app_label": "carts", "model": "cartitem"}}, {"model": "contenttypes.contenttype", "pk": 12, "fields": {"app_label": "store", "model": "variation"}}, {"model": "contenttypes.contenttype", "pk": 13, "fields": {"app_label": "orders", "model": "payment"}}, {"model": "contenttypes.contenttype", "pk": 14, "fields": {"app_label": "orders", "model": "order"}}, {"model": "contenttypes.contenttype", "pk": 15, "fields": {"app_label": "orders", "model": "orderproduct"}}, {"model": "contenttypes.contenttype", "pk": 16, "fields": {"app_label": "store", "model": "reviewrating"}}, {"model": "contenttypes.contenttype", "pk": 17, "fields": {"app_label": "accounts", "model": "userprofile"}}, {"model": "sessions.session", "pk": "0x1qxbph8468kic1tw44ckclgkcf855k", "fields": {"session_data": ".eJxVjDsOwjAQBe_iGlnrn3ZNSc8ZrPUPB5AjxUmFuDtESgHtm5n3EoG3tYVtlCVMWZyF8uL0O0ZOj9J3ku_cb7NMc1-XKcpdkQcd8jrn8rwc7t9B49G-dbTapARKocVYPTJlr6xFsJSSx6y9omx9gUKIjl0EbcBxJTDVMRnx_gDrwzck:1pz46X:nqmpKv8_R9YotOYvSylCq7GfCyk8v3iZ-P7ch44Zeh8", "expire_date": "2023-05-30T23:29:17.359Z"}}, {"model": "sessions.session", "pk": "40vpld7ckn16wc63o5vl06sievrwz1ys", "fields": {"session_data": ".eJxVjEEOwiAQRe_C2pBOywDt0r1nINOBWtSCKXRlvLs26UK3_73_XsLRVme3lbC66MUgQJx-t5H4HtIO_I3SNUvOqa5xlLsiD1rkJfvwOB_uX2CmMn_fDRmFqoe-JW4tNNjpoLQm1MyTgYBA6EfquAO2GrgxxmjkyU9trwDMHi2hlJiTiylWV-MSSqXl6cQA2qLViMpIhaA61b8_GJhFcA:1q5idn:EXOb7qGG6asd10DJRheqkYGgJRiuwwCA47nYbis7x1c", "expire_date": "2023-06-18T07:59:07.462Z"}}, {"model": "sessions.session", "pk": "608l2tgjuf5jesljmowfhbom1c8l9mf6", "fields": {"session_data": "e30:1pz443:4jX5ZK6AuTRVJTZZCQDqiJKM9rH4o5M8Vc1hyvCLPRQ", "expire_date": "2023-05-30T23:26:43.073Z"}}, {"model": "sessions.session", "pk": "amsmzd6i0lv44cjb3yu5tj0patzsm1x2", "fields": {"session_data": "eyJ1aWQiOiIxNSJ9:1pyHuX:5LjqiDlIvmXDsGbxHPAjIQVa8u_-3JP1l2ee6RD0_gk", "expire_date": "2023-05-28T20:01:41.835Z"}}, {"model": "sessions.session", "pk": "j6yn3ybvddvje1p5j3dosnzfr8od6u97", "fields": {"session_data": ".eJxVjDsOwjAQBe_iGlmJv1lKes4Q7dq7JIBsKU4qxN0hUgpo38y8lxpxW6dxa7yMc1ZnZTp1-h0J04PLTvIdy63qVMu6zKR3RR-06WvN_Lwc7t_BhG361sk6cECDBXDGkwseOUDsxXhPWaSTPscQmRgGpsyQxGGM1EsIOKBV7w__ljiN:1q5hfu:2N95zLZfNkh9nTyamCjQcPpPJ5tO4ieJ_N97Mnp25Y4", "expire_date": "2023-06-18T06:57:14.542Z"}}, {"model": "sessions.session", "pk": "mha52ll93pv2x83882g44j6ijabav3x2", "fields": {"session_data": ".eJxVjDsOwjAQBe_iGlnrn3ZNSc8ZrPUPB5AjxUmFuDtESgHtm5n3EoG3tYVtlCVMWZyF8uL0O0ZOj9J3ku_cb7NMc1-XKcpdkQcd8jrn8rwc7t9B49G-dbTapARKocVYPTJlr6xFsJSSx6y9omx9gUKIjl0EbcBxJTDVMRnx_gDrwzck:1q0ZAQ:nY5IgBPLEYqFZ2XnErvh41rUxgbE_N9eDjCM6Zh6xIo", "expire_date": "2023-06-04T02:51:30.709Z"}}, {"model": "sessions.session", "pk": "qiljot81l048a8ru1xv2w3e2rsa0iqtz", "fields": {"session_data": ".eJxVjDsOwjAQBe_iGln-rH-U9JzBsr1rHECOFCcV4u4QKQW0b2bei8W0rS1ug5Y4ITszZdjpd8ypPKjvBO-p32Ze5r4uU-a7wg86-HVGel4O9--gpdG-dcXiUNRAEJRUkrT1PpAIwgQnpCXrtQEgK0hrkQERCaoLGqoshRSw9wfynzeM:1q5hxq:5Uc7MmA7sXnHuNqGQB6VeLDL9-iXSwnIFywpfvIoYfo", "expire_date": "2023-06-18T07:15:46.932Z"}}, {"model": "sessions.session", "pk": "rkfl5zkor278yw6e34w7y53wrljusom0", "fields": {"session_data": ".eJxVjMsOwiAQRf-FtSEMz-LSvd9AhgGkaiAp7cr479qkC93ec859sYDbWsM28hLmxM4M2Ol3i0iP3HaQ7thunVNv6zJHviv8oINfe8rPy-H-HVQc9VsLdNpoD14iyQmEUTZra9FYouIgG0CTIipSQJMFEs45a6ikIr0GcOz9Ab2pNws:1ptKUq:FrBVcXFyExdt5ibHzttnvuxNa6glicdBQxlKY7GbXfU", "expire_date": "2023-05-15T03:46:40.515Z"}}, {"model": "sessions.session", "pk": "t2k5u686t9e5e7rdq0ltwev0hv55mtun", "fields": {"session_data": ".eJxVjMsOwiAQRf-FtSEMz-LSvd9AhgGkaiAp7cr479qkC93ec859sYDbWsM28hLmxM4M2Ol3i0iP3HaQ7thunVNv6zJHviv8oINfe8rPy-H-HVQc9VsLdNpoD14iyQmEUTZra9FYouIgG0CTIipSQJMFEs45a6ikIr0GcOz9Ab2pNws:1q0a8Q:rJR5MiaUdjAnUlhBQyIlqJyv_pn07vhZscRVIeU4ocM", "expire_date": "2023-06-04T03:53:30.460Z"}}, {"model": "sessions.session", "pk": "wxeh859kzbyb6mghjomga5xj6u79wd5n", "fields": {"session_data": ".eJxVjMsOwiAQRf-FtSEMz-LSvd9AhgGkaiAp7cr479qkC93ec859sYDbWsM28hLmxM4M2Ol3i0iP3HaQ7thunVNv6zJHviv8oINfe8rPy-H-HVQc9VsLdNpoD14iyQmEUTZra9FYouIgG0CTIipSQJMFEs45a6ikIr0GcOz9Ab2pNws:1pvfj9:XO_nZNzgjARi0Jx3zSgfOMqPeYRoudEvuPbYwieCs6Y", "expire_date": "2023-05-21T14:51:07.617Z"}}, {"model": "sessions.session", "pk": "zqe3lj8vd6wj8bxj4xzb6isp45ybp6dr", "fields": {"session_data": ".eJxVjDsOwjAQBe_iGlnrn3ZNSc8ZrPUPB5AjxUmFuDtESgHtm5n3EoG3tYVtlCVMWZyF8uL0O0ZOj9J3ku_cb7NMc1-XKcpdkQcd8jrn8rwc7t9B49G-dbTapARKocVYPTJlr6xFsJSSx6y9omx9gUKIjl0EbcBxJTDVMRnx_gDrwzck:1q3KOM:WtAwblNrTkUGN0zNTkuTPFY55UC1wrgoUrcANC96YKM", "expire_date": "2023-06-11T17:41:18.017Z"}}, {"model": "category.category", "pk": 1, "fields": {"category_name": "Anteojos", "description": "lentes", "slug": "anteojos", "cat_image": "photos/categories/Fu_cQ-UWwAYzPOB_O5hoovL.jpeg"}}, {"model": "category.category", "pk": 2, "fields": {"category_name": "relojes", "description": "hora", "slug": "relojes", "cat_image": "photos/categories/descarga_2.jpeg"}}, {"model": "accounts.account", "pk": 1, "fields": {"password": "pbkdf2_sha256$600000$vnAN0ncZAIh6ukSrmiDiaM$cnGOLXVo97r+DepmMpRmkytyKqmp1vhb9kwsezLk8OE=", "first_name": "Rodney", "last_name": "Rojas", "username": "rodpy", "email": "rodpy@rodpy.com", "phone_number": "3054146488", "date_joined": "2023-05-01T03:46:33.099Z", "last_login": "2023-06-04T04:33:43.908Z", "is_admin": true, "is_staff": true, "is_active": true, "is_superadmin": true}}, {"model": "accounts.account", "pk": 2, "fields": {"password": "pbkdf2_sha256$600000$eal6VPV2vDq13hHZcpOH9j$s7d/y2B67x4tfLQQurbvd2EdpDLzzC6UsUdJ2XfAshE=", "first_name": "Richard", "last_name": "Rojas", "username": "rod1py", "email": "rod1py@rodpy.com", "phone_number": "13123123", "date_joined": "2023-05-13T22:33:50.292Z", "last_login": "2023-05-13T22:33:50.292Z", "is_admin": false, "is_staff": false, "is_active": false, "is_superadmin": false}}, {"model": "accounts.account", "pk": 3, "fields": {"password": "pbkdf2_sha256$600000$YyWbJavplwzdU00iTJi6nz$ZFS2q7VsF/n7ivl7gOxbMRmyMlfF6cKI0Hb91fJ+t48=", "first_name": "Richa", "last_name": "Ros", "username": "rodgjh1py", "email": "rodgjh1py@rodpy.com", "phone_number": "13123123", "date_joined": "2023-05-13T22:38:03.909Z", "last_login": "2023-05-13T22:38:03.909Z", "is_admin": false, "is_staff": false, "is_active": false, "is_superadmin": false}}, {"model": "accounts.account", "pk": 4, "fields": {"password": "pbkdf2_sha256$600000$RjrIWd3oKxS4vLBFWlDdhu$AC45H9XS/wnf1lKBEwtGpe5EpOqQJami6mqqOQ8YeGs=", "first_name": "Manuel", "last_name": "Carlos", "username": "marcos", "email": "marcos@marcos.com", "phone_number": "42423", "date_joined": "2023-05-13T23:43:42.710Z", "last_login": "2023-05-13T23:43:42.710Z", "is_admin": false, "is_staff": false, "is_active": false, "is_superadmin": false}}, {"model": "accounts.account", "pk": 5, "fields": {"password": "pbkdf2_sha256$600000$BnYNlu3bO16SwT9uv37otX$2NRtoZB1aU8+N6y5HHFp3WGsOEm6tHvS1n5RNZo71UE=", "first_name": "CARLOS", "last_name": "mjghg", "username": "sdsdsd", "email": "sdsdsd@sd.com", "phone_number": "254243", "date_joined": "2023-05-13T23:47:04.533Z", "last_login": "2023-05-13T23:47:04.533Z", "is_admin": false, "is_staff": false, "is_active": false, "is_superadmin": false}}, {"model": "accounts.account", "pk": 6, "fields": {"password": "pbkdf2_sha256$600000$1FC1l8I9pzjsUC5LRRmztS$xpcKy871oNPXq2lcBxd5vocqplP/5XBq+AP4e6HZe58=", "first_name": "Isa", "last_name": "Isa", "username": "isa", "email": "isa@isa.com", "phone_number": "312312", "date_joined": "2023-05-13T23:48:11.116Z", "last_login": "2023-05-13T23:48:11.116Z", "is_admin": false, "is_staff": false, "is_active": false, "is_superadmin": false}}, {"model": "accounts.account", "pk": 7, "fields": {"password": "pbkdf2_sha256$600000$cuWJApQGrACc7NHadUcdXc$FxIxNeBLwGtycdUHyxhE/lmx85J2njlCl7Mmhk602EY=", "first_name": "Isa", "last_name": "Isa", "username": "isa1", "email": "isa1@isa.com", "phone_number": "13123123", "date_joined": "2023-05-13T23:54:33.479Z", "last_login": "2023-05-13T23:54:33.479Z", "is_admin": false, "is_staff": false, "is_active": false, "is_superadmin": false}}, {"model": "accounts.account", "pk": 8, "fields": {"password": "pbkdf2_sha256$600000$zMr82Bynr0qHMhGaJOgBHq$ufo78Q6PfWYv7v/0A17H2YbSkvmzGuZRJtn6xK/H79I=", "first_name": "Alicia", "last_name": "Martinez", "username": "alicia", "email": "alicia@alicia.com", "phone_number": "8998989", "date_joined": "2023-05-14T02:58:17.371Z", "last_login": "2023-05-14T02:58:17.371Z", "is_admin": false, "is_staff": false, "is_active": false, "is_superadmin": false}}, {"model": "accounts.account", "pk": 9, "fields": {"password": "pbkdf2_sha256$600000$RKxSVhJrCXy2o38eWKIoon$1VvZFIQ915Cs7cl1RN5+I0tRwlelz060/4D4BTv4YwE=", "first_name": "Maria", "last_name": "Martinez", "username": "maria", "email": "maria@maria.com", "phone_number": "8998989", "date_joined": "2023-05-14T02:59:47.482Z", "last_login": "2023-05-14T02:59:47.482Z", "is_admin": false, "is_staff": false, "is_active": false, "is_superadmin": false}}, {"model": "accounts.account", "pk": 10, "fields": {"password": "pbkdf2_sha256$600000$5EWSnwx9bNoccSh2CLFrBt$r5BltlRuYdqOnhJykM5pcDcL5fIJlzBvXwRHHYfzFko=", "first_name": "Lucas", "last_name": "Carki", "username": "lucas", "email": "lucas@lucas.py", "phone_number": "234242", "date_joined": "2023-05-14T04:44:28.511Z", "last_login": "2023-05-14T04:44:28.511Z", "is_admin": false, "is_staff": false, "is_active": false, "is_superadmin": false}}, {"model": "accounts.account", "pk": 11, "fields": {"password": "pbkdf2_sha256$600000$2dBq0cmwYhL2O0YbP47sYK$a/1Q71iaMGmOhqFqfk9tZVNIniZKfaVkKII1Kobc2vg=", "first_name": "Lucas asd", "last_name": "Carki", "username": "lucas2", "email": "lucas2@lucas.py", "phone_number": "234242", "date_joined": "2023-05-14T04:51:31.231Z", "last_login": "2023-05-14T04:51:31.231Z", "is_admin": false, "is_staff": false, "is_active": false, "is_superadmin": false}}, {"model": "accounts.account", "pk": 12, "fields": {"password": "pbkdf2_sha256$600000$LYEDb72wxKFNREd22N2vYV$ElbeZUXzvoHy+wRiuiWMnaB4t9iNt6swD3gfE3uHLdE=", "first_name": "Lucas asd", "last_name": "Carki", "username": "lucaa3", "email": "lucaa3@lucas.py", "phone_number": "234242", "date_joined": "2023-05-14T04:53:38.455Z", "last_login": "2023-05-14T04:53:38.455Z", "is_admin": false, "is_staff": false, "is_active": false, "is_superadmin": false}}, {"model": "accounts.account", "pk": 13, "fields": {"password": "pbkdf2_sha256$600000$GoHQH9q3gsocdGEMP1yOOy$62YMf2PgQxRCt7U0xQPaQC95Btc3s0kIOi8drEb++Og=", "first_name": "Marcos", "last_name": "Carki", "username": "lucaa31", "email": "lucaa31@lucas.py", "phone_number": "234242", "date_joined": "2023-05-14T18:03:46.194Z", "last_login": "2023-05-14T18:03:46.194Z", "is_admin": false, "is_staff": false, "is_active": false, "is_superadmin": false}}, {"model": "accounts.account", "pk": 14, "fields": {"password": "pbkdf2_sha256$600000$7jMXdTrFUIIno1ErNFoIYU$96Pu00O7h7NV9wCGClANwEzFzQzKVj5iK5uqCUKn2l0=", "first_name": "Julia", "last_name": "Carki", "username": "julia31", "email": "julia31@lucas.py", "phone_number": "234242", "date_joined": "2023-05-14T18:04:55.527Z", "last_login": "2023-05-14T18:04:55.527Z", "is_admin": false, "is_staff": false, "is_active": false, "is_superadmin": false}}, {"model": "accounts.account", "pk": 15, "fields": {"password": "pbkdf2_sha256$600000$ZS5CJWh8x04kS55M401A45$FcCNIaeiIytBlg7pbvg6EPcXGW7w/eIxNOznQxiBdos=", "first_name": "Marta", "last_name": "asmdla", "username": "rodpy1", "email": "rodpy1@gmail.com", "phone_number": "3054146488", "date_joined": "2023-05-14T18:06:52.196Z", "last_login": "2023-05-14T18:06:52.196Z", "is_admin": false, "is_staff": false, "is_active": false, "is_superadmin": false}}, {"model": "accounts.account", "pk": 16, "fields": {"password": "pbkdf2_sha256$600000$UcGNHxaevlEvI08KadY7Tg$I7rzrb0gGDMCaQqEw0ftVFuCz4gg4tTmEyjQq6oNFko=", "first_name": "Lourdes", "last_name": "asmdla", "username": "rodneyrrspy", "email": "rodneyrrspy@gmail.com", "phone_number": "3054146488", "date_joined": "2023-05-14T18:10:49.087Z", "last_login": "2023-05-14T18:10:49.087Z", "is_admin": false, "is_staff": false, "is_active": true, "is_superadmin": false}}, {"model": "accounts.account", "pk": 17, "fields": {"password": "pbkdf2_sha256$600000$YNk311KzV6mb5674DXI367$vTzm4+sg3l6zQcu7bkfdMgRH1oEh1u/mlvLcV1Dc+yE=", "first_name": "richi", "last_name": "rihas", "username": "jahbdj", "email": "jahbdj@hotmail.com", "phone_number": "971349087", "date_joined": "2023-05-14T18:17:59.203Z", "last_login": "2023-05-14T18:17:59.203Z", "is_admin": false, "is_staff": false, "is_active": false, "is_superadmin": false}}, {"model": "accounts.account", "pk": 18, "fields": {"password": "pbkdf2_sha256$600000$hnIiAs54UDPSktkmerqtjt$knS0nzhbLwZtzRDyyyQ1d5fRemMSFbd7GDwkFsef8+Q=", "first_name": "rs", "last_name": "tec", "username": "rstecpy", "email": "rstecpy@gmail.com", "phone_number": "3054146488", "date_joined": "2023-05-14T18:21:23.936Z", "last_login": "2023-06-04T06:38:56.806Z", "is_admin": false, "is_staff": false, "is_active": true, "is_superadmin": false}}, {"model": "accounts.account", "pk": 19, "fields": {"password": "pbkdf2_sha256$600000$6CxPYHtJEmkNHh6kfkHbGx$i8ADHxXdyOUo2HDfEjFH/M/ULcJs13C719kCUgiSwJE=", "first_name": "Rodney", "last_name": "Rojas", "username": "rrojas", "email": "rrojas@paraguayeduca.org", "phone_number": "098777898", "date_joined": "2023-05-16T23:25:06.251Z", "last_login": "2023-05-28T17:41:18.013Z", "is_admin": false, "is_staff": false, "is_active": true, "is_superadmin": false}}, {"model": "accounts.account", "pk": 25, "fields": {"password": "pbkdf2_sha256$600000$ww0B9vRGxv9CfBticykM1t$tjKZ3oj8HEqGxjkUA736zslpJcp99zkJel3bqGFP56I=", "first_name": "Inno", "last_name": "TEst", "username": "innotronicsparaguay", "email": "innotronicsparaguay@gmail.com", "phone_number": "13413123", "date_joined": "2023-06-04T07:06:44.490Z", "last_login": "2023-06-04T07:15:46.928Z", "is_admin": false, "is_staff": false, "is_active": true, "is_superadmin": false}}, {"model": "accounts.userprofile", "pk": 2, "fields": {"user": 19, "address_line_1": "8602 NW 66 ST #MAR213166", "address_line_2": "Planta Alta- Paraguay Educa", "profile_picture": "userprofile/img_avatar_IHma4he.png", "city": "Miami", "state": "Florida", "country": "Estados Unidos"}}, {"model": "accounts.userprofile", "pk": 3, "fields": {"user": 1, "address_line_1": "8602 NW 66 ST #MAR213166", "address_line_2": "8602 NW 66 ST #MAR213166", "profile_picture": "userprofile/img_avatar_c9MmhFH.png", "city": "Miami", "state": "Florida", "country": "Estados Unidos"}}, {"model": "accounts.userprofile", "pk": 7, "fields": {"user": 25, "address_line_1": "", "address_line_2": "", "profile_picture": "default/default-user.png", "city": "", "state": "", "country": ""}}, {"model": "store.product", "pk": 1, "fields": {"product_name": "Raiban", "slug": "raiban", "description": "Los lentes de vista Ray-Ban RB5154 Clubmaster Optics son retro y atemporales. Inspirado en los 50, este inconfundible armazón ha sido portado por intelectuales culturales y personas con una gran pasión por la vida. El armazón de acetato en negro sobre plateado está complementado con micas transparentes.", "price": 120, "images": "photos/products/descarga.jpeg", "stock": 91, "is_available": true, "category": 1, "create_date": "2023-05-01T03:47:22.008Z", "modified_date": "2023-05-29T22:28:06.114Z"}}, {"model": "store.product", "pk": 2, "fields": {"product_name": "Gucci", "slug": "gucci", "description": "Una llamativa estructura de acetato negro define estas gafas de sol con montura rectangular, dando como resultado un moderno diseño final. El logotipo GG perforado realza las patillas.\r\n\r\nMontura de acetato gris oscuro brillante\r\nPatillas de acetato gris brilla", "price": 400, "images": "photos/products/descarga_1.jpeg", "stock": 95, "is_available": true, "category": 1, "create_date": "2023-05-01T04:04:22.531Z", "modified_date": "2023-05-29T22:28:06.132Z"}}, {"model": "store.product", "pk": 3, "fields": {"product_name": "Reloj", "slug": "reloj", "description": "blabl balbabalba", "price": 500, "images": "photos/products/profil-930-face-500x500.png", "stock": 95, "is_available": true, "category": 2, "create_date": "2023-05-07T15:24:34.474Z", "modified_date": "2023-05-28T18:02:24.481Z"}}, {"model": "store.variation", "pk": 1, "fields": {"product": 2, "variation_category": "color", "variation_value": "Verde", "is_active": true, "created_date": "2023-05-09T04:30:18.029Z"}}, {"model": "store.variation", "pk": 4, "fields": {"product": 2, "variation_category": "color", "variation_value": "negro", "is_active": true, "created_date": "2023-05-09T04:30:49.788Z"}}, {"model": "store.variation", "pk": 5, "fields": {"product": 2, "variation_category": "color", "variation_value": "azul", "is_active": true, "created_date": "2023-05-09T04:37:19.873Z"}}, {"model": "store.variation", "pk": 8, "fields": {"product": 2, "variation_category": "talla", "variation_value": "small", "is_active": true, "created_date": "2023-05-09T21:58:06.626Z"}}, {"model": "store.variation", "pk": 9, "fields": {"product": 1, "variation_category": "color", "variation_value": "Verde", "is_active": true, "created_date": "2023-05-09T23:05:12.704Z"}}, {"model": "store.variation", "pk": 10, "fields": {"product": 1, "variation_category": "talla", "variation_value": "small", "is_active": true, "created_date": "2023-05-09T23:05:23.562Z"}}, {"model": "store.variation", "pk": 11, "fields": {"product": 1, "variation_category": "color", "variation_value": "Azul", "is_active": true, "created_date": "2023-05-09T23:05:44.870Z"}}, {"model": "store.variation", "pk": 12, "fields": {"product": 3, "variation_category": "talla", "variation_value": "M", "is_active": true, "created_date": "2023-05-28T16:24:06.434Z"}}, {"model": "store.variation", "pk": 13, "fields": {"product": 3, "variation_category": "color", "variation_value": "Verde", "is_active": true, "created_date": "2023-05-28T16:24:56.040Z"}}, {"model": "store.reviewrating", "pk": 3, "fields": {"product": 2, "user": 1, "subject": "", "review": "", "rating": 2.5, "ip": "127.0.0.1", "status": true, "created_at": "2023-06-04T07:54:40.173Z", "update_at": "2023-06-04T07:54:40.173Z"}}, {"model": "carts.cart", "pk": 14, "fields": {"cart_id": "uswoogu6ncrchscemmwa4jg9zunklee1", "date_added": "2023-05-14"}}, {"model": "carts.cart", "pk": 15, "fields": {"cart_id": "mi6m6u7zitnbmmzzi7d8csrr8mqlms4x", "date_added": "2023-05-14"}}, {"model": "carts.cart", "pk": 16, "fields": {"cart_id": "hfjdy5uo5kk0c8mt3h0nzocez4aempzv", "date_added": "2023-05-14"}}, {"model": "carts.cart", "pk": 17, "fields": {"cart_id": "w4w2z5wlaubzxscx74zn5uux2guun77m", "date_added": "2023-05-15"}}, {"model": "carts.cart", "pk": 18, "fields": {"cart_id": "ld96bjhc41kvet6o7g82f4hop6l26hrj", "date_added": "2023-05-16"}}, {"model": "carts.cartitem", "pk": 36, "fields": {"user": null, "product": 1, "cart": 14, "quantity": 1, "is_active": true, "variations": [9, 10]}}, {"model": "carts.cartitem", "pk": 37, "fields": {"user": null, "product": 1, "cart": 15, "quantity": 1, "is_active": true, "variations": [9, 10]}}, {"model": "carts.cartitem", "pk": 38, "fields": {"user": null, "product": 1, "cart": 16, "quantity": 1, "is_active": true, "variations": [10, 11]}}, {"model": "carts.cartitem", "pk": 42, "fields": {"user": null, "product": 1, "cart": 18, "quantity": 1, "is_active": true, "variations": [9, 10]}}, {"model": "carts.cartitem", "pk": 55, "fields": {"user": 1, "product": 2, "cart": null, "quantity": 6, "is_active": true, "variations": [4, 8]}}, {"model": "carts.cartitem", "pk": 56, "fields": {"user": 1, "product": 1, "cart": null, "quantity": 1, "is_active": true, "variations": [9, 10]}}, {"model": "orders.payment", "pk": 1, "fields": {"user": 1, "payment_id": "8X663195VR1176912", "payment_method": "PayPal", "amount_id": "1672.0", "status": "COMPLETED", "create_at": "2023-05-21T03:03:47.163Z"}}, {"model": "orders.payment", "pk": 2, "fields": {"user": 1, "payment_id": "5TC17027P8157374F", "payment_method": "PayPal", "amount_id": "880.0", "status": "COMPLETED", "create_at": "2023-05-21T03:54:31.270Z"}}, {"model": "orders.payment", "pk": 3, "fields": {"user": 1, "payment_id": "7N825154YU9835117", "payment_method": "PayPal", "amount_id": "264.0", "status": "COMPLETED", "create_at": "2023-05-28T16:16:52.266Z"}}, {"model": "orders.payment", "pk": 4, "fields": {"user": 1, "payment_id": "2X0227506C815923J", "payment_method": "PayPal", "amount_id": "1364.0", "status": "COMPLETED", "create_at": "2023-05-28T16:25:26.615Z"}}, {"model": "orders.payment", "pk": 5, "fields": {"user": 19, "payment_id": "9TV34263GE028932F", "payment_method": "PayPal", "amount_id": "6732.0", "status": "COMPLETED", "create_at": "2023-05-28T17:46:04.522Z"}}, {"model": "orders.payment", "pk": 6, "fields": {"user": 19, "payment_id": "08B49006NN2286203", "payment_method": "PayPal", "amount_id": "264.0", "status": "COMPLETED", "create_at": "2023-05-28T18:00:39.695Z"}}, {"model": "orders.payment", "pk": 7, "fields": {"user": 19, "payment_id": "37549758CD2024044", "payment_method": "PayPal", "amount_id": "1100.0", "status": "COMPLETED", "create_at": "2023-05-28T18:02:24.443Z"}}, {"model": "orders.payment", "pk": 8, "fields": {"user": 19, "payment_id": "55A84183PR7429438", "payment_method": "PayPal", "amount_id": "264.0", "status": "COMPLETED", "create_at": "2023-05-28T18:20:29.656Z"}}, {"model": "orders.payment", "pk": 9, "fields": {"user": 1, "payment_id": "8S984906K88431839", "payment_method": "PayPal", "amount_id": "2552.0", "status": "COMPLETED", "create_at": "2023-05-29T22:28:06.092Z"}}, {"model": "orders.order", "pk": 1, "fields": {"user": 1, "payment": null, "order_number": "202305151", "first_name": "klhhkjhkjhh", "last_name": "hjgoj", "phone": "2423423234", "email": "rrojas@paraguayeduca.org", "address_line_1": "+595986660738", "address_line_2": "fsfsfds", "state": "", "city": "Asuncion", "country": "Paraguay", "order_note": "sfsdfsdfsd", "order_total": 1408.0, "tax": 128.0, "status": "New", "ip": "127.0.0.1", "is_ordered": false, "created_at": "2023-05-15T06:49:01.903Z", "updated_at": "2023-05-15T06:49:01.907Z"}}, {"model": "orders.order", "pk": 2, "fields": {"user": 1, "payment": null, "order_number": "202305152", "first_name": "Rodney", "last_name": "Sosa", "phone": "234234", "email": "rrojas@paraguayeduca.org", "address_line_1": "+595986660738", "address_line_2": "dfasdad", "state": "", "city": "Asuncion", "country": "Paraguay", "order_note": "dasdasd", "order_total": 1408.0, "tax": 128.0, "status": "New", "ip": "127.0.0.1", "is_ordered": false, "created_at": "2023-05-15T06:53:58.120Z", "updated_at": "2023-05-15T06:53:58.125Z"}}, {"model": "orders.order", "pk": 3, "fields": {"user": 1, "payment": null, "order_number": "202305153", "first_name": "Rodney", "last_name": "Rojas Sosa", "phone": "0986660738", "email": "rodneyrrs@hotmail.com", "address_line_1": "+595986660738", "address_line_2": "Planta Alta- Paraguay Educa", "state": "", "city": "Asuncion", "country": "Paraguay", "order_note": "kjhjkhkjh", "order_total": 1408.0, "tax": 128.0, "status": "New", "ip": "127.0.0.1", "is_ordered": false, "created_at": "2023-05-15T16:33:56.792Z", "updated_at": "2023-05-15T16:33:56.795Z"}}, {"model": "orders.order", "pk": 4, "fields": {"user": 1, "payment": null, "order_number": "202305154", "first_name": "Rodney", "last_name": "Rojas Sosa", "phone": "3054146488", "email": "rodneyrrs@hotmail.com", "address_line_1": "+595986660738", "address_line_2": "Planta Alta- Paraguay Educa", "state": "", "city": "Asuncion", "country": "Paraguay", "order_note": "fdsdfsdfdsfsfsdfsd", "order_total": 1408.0, "tax": 128.0, "status": "New", "ip": "127.0.0.1", "is_ordered": false, "created_at": "2023-05-15T17:28:55.190Z", "updated_at": "2023-05-15T17:28:55.196Z"}}, {"model": "orders.order", "pk": 5, "fields": {"user": 1, "payment": null, "order_number": "202305155", "first_name": "Rodney", "last_name": "Rojas Sosa", "phone": "3054146488", "email": "rodneyrrs@hotmail.com", "address_line_1": "+595986660738", "address_line_2": "Planta Alta- Paraguay Educa", "state": "", "city": "Asuncion", "country": "Paraguay", "order_note": "fdsdfsdfdsfsfsdfsd", "order_total": 1408.0, "tax": 128.0, "status": "New", "ip": "127.0.0.1", "is_ordered": false, "created_at": "2023-05-15T17:31:27.542Z", "updated_at": "2023-05-15T17:31:27.547Z"}}, {"model": "orders.order", "pk": 6, "fields": {"user": 19, "payment": null, "order_number": "202305166", "first_name": "Rodney", "last_name": "Rojas Sosa", "phone": "0986660738", "email": "rodneyrrs@hotmail.com", "address_line_1": "+595986660738", "address_line_2": "+595986660738", "state": "", "city": "Asuncion", "country": "Paraguay", "order_note": "", "order_total": 2288.0, "tax": 208.0, "status": "New", "ip": "127.0.0.1", "is_ordered": false, "created_at": "2023-05-16T23:27:52.094Z", "updated_at": "2023-05-16T23:27:52.098Z"}}, {"model": "orders.order", "pk": 7, "fields": {"user": 1, "payment": null, "order_number": "202305217", "first_name": "Rodney", "last_name": "Rojas Sosa", "phone": "3054146488", "email": "rodneyrrs@hotmail.com", "address_line_1": "+595986660738", "address_line_2": "sdfds", "state": "", "city": "Asuncion", "country": "Paraguay", "order_note": "", "order_total": 1672.0, "tax": 152.0, "status": "New", "ip": "127.0.0.1", "is_ordered": false, "created_at": "2023-05-21T00:03:19.109Z", "updated_at": "2023-05-21T00:03:19.112Z"}}, {"model": "orders.order", "pk": 8, "fields": {"user": 1, "payment": null, "order_number": "202305218", "first_name": "Rodney", "last_name": "Rojas Sosa", "phone": "0986660738", "email": "rodneyrrs@hotmail.com", "address_line_1": "+595986660738", "address_line_2": "GB2303", "state": "", "city": "Asuncion", "country": "Paraguay", "order_note": "", "order_total": 1672.0, "tax": 152.0, "status": "New", "ip": "127.0.0.1", "is_ordered": false, "created_at": "2023-05-21T01:36:57.080Z", "updated_at": "2023-05-21T01:36:57.083Z"}}, {"model": "orders.order", "pk": 9, "fields": {"user": 1, "payment": null, "order_number": "202305219", "first_name": "Rodney", "last_name": "Rojas Sosa", "phone": "0986660738", "email": "rodneyrrs@hotmail.com", "address_line_1": "+595986660738", "address_line_2": "GB2303", "state": "", "city": "Asuncion", "country": "Paraguay", "order_note": "", "order_total": 1672.0, "tax": 152.0, "status": "New", "ip": "127.0.0.1", "is_ordered": false, "created_at": "2023-05-21T01:40:01.440Z", "updated_at": "2023-05-21T01:40:01.445Z"}}, {"model": "orders.order", "pk": 10, "fields": {"user": 1, "payment": null, "order_number": "2023052110", "first_name": "Rodney", "last_name": "Rojas Sosa", "phone": "3054146488", "email": "rodneyrrs@hotmail.com", "address_line_1": "+595986660738", "address_line_2": "GB2303", "state": "", "city": "Asuncion", "country": "Paraguay", "order_note": "", "order_total": 1672.0, "tax": 152.0, "status": "New", "ip": "127.0.0.1", "is_ordered": false, "created_at": "2023-05-21T01:40:15.415Z", "updated_at": "2023-05-21T01:40:15.419Z"}}, {"model": "orders.order", "pk": 11, "fields": {"user": 1, "payment": null, "order_number": "2023052111", "first_name": "Rodney", "last_name": "Rojas Sosa", "phone": "3054146488", "email": "rodneyrrs@hotmail.com", "address_line_1": "+595986660738", "address_line_2": "GB2303", "state": "", "city": "Asuncion", "country": "Paraguay", "order_note": "", "order_total": 1672.0, "tax": 152.0, "status": "New", "ip": "127.0.0.1", "is_ordered": false, "created_at": "2023-05-21T01:41:24.021Z", "updated_at": "2023-05-21T01:41:24.025Z"}}, {"model": "orders.order", "pk": 12, "fields": {"user": 1, "payment": null, "order_number": "2023052112", "first_name": "Rodney", "last_name": "Rojas Sosa", "phone": "3054146488", "email": "rodneyrrs@hotmail.com", "address_line_1": "+595986660738", "address_line_2": "GB2303", "state": "", "city": "Asuncion", "country": "Paraguay", "order_note": "", "order_total": 1672.0, "tax": 152.0, "status": "New", "ip": "127.0.0.1", "is_ordered": false, "created_at": "2023-05-21T01:41:33.622Z", "updated_at": "2023-05-21T01:41:33.626Z"}}, {"model": "orders.order", "pk": 13, "fields": {"user": 1, "payment": null, "order_number": "2023052113", "first_name": "Rodney", "last_name": "Rojas Sosa", "phone": "3054146488", "email": "rodneyrrs@hotmail.com", "address_line_1": "+595986660738", "address_line_2": "GB2303", "state": "", "city": "Asuncion", "country": "Paraguay", "order_note": "", "order_total": 1672.0, "tax": 152.0, "status": "New", "ip": "127.0.0.1", "is_ordered": false, "created_at": "2023-05-21T01:42:19.418Z", "updated_at": "2023-05-21T01:42:19.422Z"}}, {"model": "orders.order", "pk": 14, "fields": {"user": 1, "payment": null, "order_number": "2023052114", "first_name": "Rodney", "last_name": "Rojas Sosa", "phone": "3054146488", "email": "rodneyrrs@hotmail.com", "address_line_1": "+595986660738", "address_line_2": "GB2303", "state": "", "city": "Asuncion", "country": "Paraguay", "order_note": "", "order_total": 1672.0, "tax": 152.0, "status": "New", "ip": "127.0.0.1", "is_ordered": false, "created_at": "2023-05-21T01:42:42.238Z", "updated_at": "2023-05-21T01:42:42.243Z"}}, {"model": "orders.order", "pk": 15, "fields": {"user": 1, "payment": null, "order_number": "2023052115", "first_name": "Rodney", "last_name": "Rojas Sosa", "phone": "3054146488", "email": "rodneyrrs@hotmail.com", "address_line_1": "+595986660738", "address_line_2": "GB2303", "state": "", "city": "Asuncion", "country": "Paraguay", "order_note": "", "order_total": 1672.0, "tax": 152.0, "status": "New", "ip": "127.0.0.1", "is_ordered": false, "created_at": "2023-05-21T01:43:48.712Z", "updated_at": "2023-05-21T01:43:48.716Z"}}, {"model": "orders.order", "pk": 16, "fields": {"user": 1, "payment": null, "order_number": "2023052116", "first_name": "Rodney", "last_name": "Rojas Sosa", "phone": "3054146488", "email": "rodneyrrs@hotmail.com", "address_line_1": "+595986660738", "address_line_2": "GB2303", "state": "", "city": "Asuncion", "country": "Paraguay", "order_note": "", "order_total": 1672.0, "tax": 152.0, "status": "New", "ip": "127.0.0.1", "is_ordered": false, "created_at": "2023-05-21T02:02:17.902Z", "updated_at": "2023-05-21T02:02:17.907Z"}}, {"model": "orders.order", "pk": 17, "fields": {"user": 1, "payment": null, "order_number": "2023052117", "first_name": "Rodney", "last_name": "Rojas Sosa", "phone": "3054146488", "email": "rodneyrrs@hotmail.com", "address_line_1": "+595986660738", "address_line_2": "GB2303", "state": "", "city": "Asuncion", "country": "Paraguay", "order_note": "", "order_total": 1672.0, "tax": 152.0, "status": "New", "ip": "127.0.0.1", "is_ordered": false, "created_at": "2023-05-21T02:03:40.842Z", "updated_at": "2023-05-21T02:03:40.846Z"}}, {"model": "orders.order", "pk": 18, "fields": {"user": 19, "payment": null, "order_number": "2023052118", "first_name": "dads", "last_name": "ghj", "phone": "ghgj", "email": "ghjh@ada.com", "address_line_1": "jhghjgj", "address_line_2": "hgjhg", "state": "", "city": "gfhgf", "country": "fhgf", "order_note": "ghfh", "order_total": 2816.0, "tax": 256.0, "status": "New", "ip": "127.0.0.1", "is_ordered": false, "created_at": "2023-05-21T02:52:00.017Z", "updated_at": "2023-05-21T02:52:00.022Z"}}, {"model": "orders.order", "pk": 19, "fields": {"user": 1, "payment": null, "order_number": "2023052119", "first_name": "Rodney", "last_name": "Rojas Sosa", "phone": "3054146488", "email": "rodneyrrs@hotmail.com", "address_line_1": "+595986660738", "address_line_2": "GB2303", "state": "", "city": "Asuncion", "country": "Paraguay", "order_note": "", "order_total": 1672.0, "tax": 152.0, "status": "New", "ip": "127.0.0.1", "is_ordered": false, "created_at": "2023-05-21T02:54:19.244Z", "updated_at": "2023-05-21T02:54:19.248Z"}}, {"model": "orders.order", "pk": 20, "fields": {"user": 1, "payment": null, "order_number": "2023052120", "first_name": "Rodney", "last_name": "Rojas Sosa", "phone": "3054146488", "email": "rodneyrrs@hotmail.com", "address_line_1": "+595986660738", "address_line_2": "GB2303", "state": "", "city": "Asuncion", "country": "Paraguay", "order_note": "", "order_total": 1672.0, "tax": 152.0, "status": "New", "ip": "127.0.0.1", "is_ordered": false, "created_at": "2023-05-21T03:01:19.631Z", "updated_at": "2023-05-21T03:01:19.635Z"}}, {"model": "orders.order", "pk": 21, "fields": {"user": 1, "payment": null, "order_number": "2023052121", "first_name": "Rodney", "last_name": "Rojas Sosa", "phone": "3054146488", "email": "rodneyrrs@hotmail.com", "address_line_1": "+595986660738", "address_line_2": "GB2303", "state": "", "city": "Asuncion", "country": "Paraguay", "order_note": "", "order_total": 1672.0, "tax": 152.0, "status": "New", "ip": "127.0.0.1", "is_ordered": false, "created_at": "2023-05-21T03:01:21.553Z", "updated_at": "2023-05-21T03:01:21.558Z"}}, {"model": "orders.order", "pk": 22, "fields": {"user": 1, "payment": 1, "order_number": "2023052122", "first_name": "Rodney", "last_name": "Rojas Sosa", "phone": "3054146488", "email": "rodneyrrs@hotmail.com", "address_line_1": "+595986660738", "address_line_2": "GB2303", "state": "", "city": "Asuncion", "country": "Paraguay", "order_note": "", "order_total": 1672.0, "tax": 152.0, "status": "New", "ip": "127.0.0.1", "is_ordered": true, "created_at": "2023-05-21T03:02:06.365Z", "updated_at": "2023-05-21T03:03:47.167Z"}}, {"model": "orders.order", "pk": 23, "fields": {"user": 1, "payment": 2, "order_number": "2023052123", "first_name": "Rodney", "last_name": "Rojas Sosa", "phone": "0986660738", "email": "rodneyrrs@hotmail.com", "address_line_1": "+595986660738", "address_line_2": "GB2303", "state": "", "city": "Asuncion", "country": "Paraguay", "order_note": "", "order_total": 880.0, "tax": 80.0, "status": "New", "ip": "127.0.0.1", "is_ordered": true, "created_at": "2023-05-21T03:53:48.411Z", "updated_at": "2023-05-21T03:54:31.275Z"}}, {"model": "orders.order", "pk": 24, "fields": {"user": 1, "payment": null, "order_number": "2023052124", "first_name": "Rodney", "last_name": "Rojas Sosa", "phone": "0986660738", "email": "rodneyrrs@hotmail.com", "address_line_1": "+595986660738", "address_line_2": "GB2303", "state": "", "city": "Asuncion", "country": "Paraguay", "order_note": "", "order_total": 264.0, "tax": 24.0, "status": "New", "ip": "127.0.0.1", "is_ordered": false, "created_at": "2023-05-21T04:00:56.793Z", "updated_at": "2023-05-21T04:00:56.797Z"}}, {"model": "orders.order", "pk": 25, "fields": {"user": 1, "payment": null, "order_number": "2023052125", "first_name": "Rodney", "last_name": "Rojas Sosa", "phone": "0986660738", "email": "rodneyrrs@hotmail.com", "address_line_1": "+595986660738", "address_line_2": "GB2303", "state": "", "city": "Asuncion", "country": "Paraguay", "order_note": "", "order_total": 1144.0, "tax": 104.0, "status": "New", "ip": "127.0.0.1", "is_ordered": false, "created_at": "2023-05-21T04:02:29.186Z", "updated_at": "2023-05-21T04:02:29.190Z"}}, {"model": "orders.order", "pk": 26, "fields": {"user": 1, "payment": null, "order_number": "2023052126", "first_name": "Rodney", "last_name": "Rojas Sosa", "phone": "0986660738", "email": "rodneyrrs@hotmail.com", "address_line_1": "+595986660738", "address_line_2": "GB2303", "state": "", "city": "Asuncion", "country": "Paraguay", "order_note": "", "order_total": 1144.0, "tax": 104.0, "status": "New", "ip": "127.0.0.1", "is_ordered": false, "created_at": "2023-05-21T04:06:05.619Z", "updated_at": "2023-05-21T04:06:05.622Z"}}, {"model": "orders.order", "pk": 27, "fields": {"user": 1, "payment": null, "order_number": "2023052127", "first_name": "Rodney", "last_name": "Rojas Sosa", "phone": "0986660738", "email": "rodneyrrs@hotmail.com", "address_line_1": "+595986660738", "address_line_2": "GB2303", "state": "", "city": "Asuncion", "country": "Paraguay", "order_note": "", "order_total": 1144.0, "tax": 104.0, "status": "New", "ip": "127.0.0.1", "is_ordered": false, "created_at": "2023-05-21T04:08:08.489Z", "updated_at": "2023-05-21T04:08:08.493Z"}}, {"model": "orders.order", "pk": 28, "fields": {"user": 1, "payment": null, "order_number": "2023052128", "first_name": "Rodney", "last_name": "Rojas Sosa", "phone": "0986660738", "email": "rodneyrrs@hotmail.com", "address_line_1": "+595986660738", "address_line_2": "GB2303", "state": "", "city": "Asuncion", "country": "Paraguay", "order_note": "", "order_total": 1144.0, "tax": 104.0, "status": "New", "ip": "127.0.0.1", "is_ordered": false, "created_at": "2023-05-21T04:08:14.990Z", "updated_at": "2023-05-21T04:08:14.994Z"}}, {"model": "orders.order", "pk": 29, "fields": {"user": 1, "payment": null, "order_number": "2023052129", "first_name": "Rodney", "last_name": "Rojas Sosa", "phone": "0986660738", "email": "rodneyrrs@hotmail.com", "address_line_1": "+595986660738", "address_line_2": "GB2303", "state": "", "city": "Asuncion", "country": "Paraguay", "order_note": "", "order_total": 264.0, "tax": 24.0, "status": "New", "ip": "127.0.0.1", "is_ordered": false, "created_at": "2023-05-21T04:08:29.458Z", "updated_at": "2023-05-21T04:08:29.461Z"}}, {"model": "orders.order", "pk": 30, "fields": {"user": 1, "payment": null, "order_number": "2023052130", "first_name": "Rodney", "last_name": "Rojas Sosa", "phone": "0986660738", "email": "rodneyrrs@hotmail.com", "address_line_1": "+595986660738", "address_line_2": "GB2303", "state": "", "city": "Asuncion", "country": "Paraguay", "order_note": "", "order_total": 264.0, "tax": 24.0, "status": "New", "ip": "127.0.0.1", "is_ordered": false, "created_at": "2023-05-21T04:09:44.235Z", "updated_at": "2023-05-21T04:09:44.239Z"}}, {"model": "orders.order", "pk": 31, "fields": {"user": 1, "payment": null, "order_number": "2023052131", "first_name": "Rodney", "last_name": "Rojas Sosa", "phone": "0986660738", "email": "rodneyrrs@hotmail.com", "address_line_1": "+595986660738", "address_line_2": "GB2303", "state": "", "city": "Asuncion", "country": "Paraguay", "order_note": "", "order_total": 264.0, "tax": 24.0, "status": "New", "ip": "127.0.0.1", "is_ordered": false, "created_at": "2023-05-21T04:11:06.567Z", "updated_at": "2023-05-21T04:11:06.571Z"}}, {"model": "orders.order", "pk": 32, "fields": {"user": 1, "payment": null, "order_number": "2023052132", "first_name": "Rodney", "last_name": "Rojas Sosa", "phone": "0986660738", "email": "rodneyrrs@hotmail.com", "address_line_1": "+595986660738", "address_line_2": "GB2303", "state": "", "city": "Asuncion", "country": "Paraguay", "order_note": "", "order_total": 264.0, "tax": 24.0, "status": "New", "ip": "127.0.0.1", "is_ordered": false, "created_at": "2023-05-21T04:11:08.135Z", "updated_at": "2023-05-21T04:11:08.138Z"}}, {"model": "orders.order", "pk": 33, "fields": {"user": 1, "payment": 3, "order_number": "2023052833", "first_name": "Rodney", "last_name": "Rojas", "phone": "3054146488", "email": "rodpy1@gmail.com", "address_line_1": "8602 NW 66 ST #MAR213166", "address_line_2": "Planta Alta- Paraguay Educa", "state": "", "city": "Miami", "country": "Estados Unidos", "order_note": "", "order_total": 264.0, "tax": 24.0, "status": "New", "ip": "127.0.0.1", "is_ordered": true, "created_at": "2023-05-28T16:16:34.418Z", "updated_at": "2023-05-28T16:16:52.272Z"}}, {"model": "orders.order", "pk": 34, "fields": {"user": 1, "payment": 4, "order_number": "2023052834", "first_name": "Rodney", "last_name": "Rojas", "phone": "3054146488", "email": "rodpy1@gmail.com", "address_line_1": "8602 NW 66 ST #MAR213166", "address_line_2": "Planta Alta- Paraguay Educa", "state": "", "city": "Miami", "country": "Estados Unidos", "order_note": "", "order_total": 1364.0, "tax": 124.0, "status": "New", "ip": "127.0.0.1", "is_ordered": true, "created_at": "2023-05-28T16:25:14.867Z", "updated_at": "2023-05-28T16:25:26.620Z"}}, {"model": "orders.order", "pk": 35, "fields": {"user": 19, "payment": 5, "order_number": "2023052835", "first_name": "Rodney", "last_name": "Rojas", "phone": "3054146488", "email": "rodpy1@gmail.com", "address_line_1": "8602 NW 66 ST #MAR213166", "address_line_2": "Planta Alta- Paraguay Educa", "state": "", "city": "Miami", "country": "Estados Unidos", "order_note": "", "order_total": 6732.0, "tax": 612.0, "status": "New", "ip": "127.0.0.1", "is_ordered": true, "created_at": "2023-05-28T17:45:30.018Z", "updated_at": "2023-05-28T17:46:04.528Z"}}, {"model": "orders.order", "pk": 36, "fields": {"user": 19, "payment": 6, "order_number": "2023052836", "first_name": "Rodney", "last_name": "Rojas", "phone": "3054146488", "email": "rodpy1@gmail.com", "address_line_1": "8602 NW 66 ST #MAR213166", "address_line_2": "Planta Alta- Paraguay Educa", "state": "", "city": "Miami", "country": "Estados Unidos", "order_note": "", "order_total": 264.0, "tax": 24.0, "status": "New", "ip": "127.0.0.1", "is_ordered": true, "created_at": "2023-05-28T18:00:28.332Z", "updated_at": "2023-05-28T18:00:39.701Z"}}, {"model": "orders.order", "pk": 37, "fields": {"user": 19, "payment": 7, "order_number": "2023052837", "first_name": "Rodney", "last_name": "Rojas", "phone": "3054146488", "email": "rodpy1@gmail.com", "address_line_1": "8602 NW 66 ST #MAR213166", "address_line_2": "Planta Alta- Paraguay Educa", "state": "", "city": "Miami", "country": "Estados Unidos", "order_note": "", "order_total": 1100.0, "tax": 100.0, "status": "New", "ip": "127.0.0.1", "is_ordered": true, "created_at": "2023-05-28T18:02:04.660Z", "updated_at": "2023-05-28T18:02:24.447Z"}}, {"model": "orders.order", "pk": 38, "fields": {"user": 19, "payment": 8, "order_number": "2023052838", "first_name": "Rodney", "last_name": "Rojas", "phone": "3054146488", "email": "rodpy1@gmail.com", "address_line_1": "8602 NW 66 ST #MAR213166", "address_line_2": "Planta Alta- Paraguay Educa", "state": "", "city": "Miami", "country": "Estados Unidos", "order_note": "", "order_total": 264.0, "tax": 24.0, "status": "New", "ip": "127.0.0.1", "is_ordered": true, "created_at": "2023-05-28T18:20:02.099Z", "updated_at": "2023-05-28T18:20:29.662Z"}}, {"model": "orders.order", "pk": 39, "fields": {"user": 1, "payment": 9, "order_number": "2023052939", "first_name": "Rodney", "last_name": "Rojas", "phone": "3054146488", "email": "rodpy1@gmail.com", "address_line_1": "8602 NW 66 ST #MAR213166", "address_line_2": "Planta Alta- Paraguay Educa", "state": "", "city": "Miami", "country": "Estados Unidos", "order_note": "oiuoi", "order_total": 2552.0, "tax": 232.0, "status": "New", "ip": "127.0.0.1", "is_ordered": true, "created_at": "2023-05-29T22:27:24.905Z", "updated_at": "2023-05-29T22:28:06.097Z"}}, {"model": "orders.orderproduct", "pk": 1, "fields": {"order": 23, "payment": 2, "user": 1, "product": 2, "quantity": 1, "product_price": 400.0, "ordered": true, "created_at": "2023-05-21T03:54:31.280Z", "updated_at": "2023-05-21T03:54:31.280Z", "variation": []}}, {"model": "orders.orderproduct", "pk": 2, "fields": {"order": 33, "payment": 3, "user": 1, "product": 1, "quantity": 1, "product_price": 120.0, "ordered": true, "created_at": "2023-05-28T16:16:52.281Z", "updated_at": "2023-05-28T16:16:52.295Z", "variation": [10, 11]}}, {"model": "orders.orderproduct", "pk": 3, "fields": {"order": 34, "payment": 4, "user": 1, "product": 1, "quantity": 1, "product_price": 120.0, "ordered": true, "created_at": "2023-05-28T16:25:26.628Z", "updated_at": "2023-05-28T16:25:26.642Z", "variation": [10, 11]}}, {"model": "orders.orderproduct", "pk": 4, "fields": {"order": 34, "payment": 4, "user": 1, "product": 3, "quantity": 1, "product_price": 500.0, "ordered": true, "created_at": "2023-05-28T16:25:26.657Z", "updated_at": "2023-05-28T16:25:26.673Z", "variation": [12, 13]}}, {"model": "orders.orderproduct", "pk": 5, "fields": {"order": 35, "payment": 5, "user": 19, "product": 1, "quantity": 3, "product_price": 120.0, "ordered": true, "created_at": "2023-05-28T17:46:04.537Z", "updated_at": "2023-05-28T17:46:04.555Z", "variation": [9, 10]}}, {"model": "orders.orderproduct", "pk": 6, "fields": {"order": 35, "payment": 5, "user": 19, "product": 2, "quantity": 3, "product_price": 400.0, "ordered": true, "created_at": "2023-05-28T17:46:04.570Z", "updated_at": "2023-05-28T17:46:04.584Z", "variation": [4, 8]}}, {"model": "orders.orderproduct", "pk": 7, "fields": {"order": 35, "payment": 5, "user": 19, "product": 3, "quantity": 3, "product_price": 500.0, "ordered": true, "created_at": "2023-05-28T17:46:04.597Z", "updated_at": "2023-05-28T17:46:04.620Z", "variation": [12, 13]}}, {"model": "orders.orderproduct", "pk": 8, "fields": {"order": 36, "payment": 6, "user": 19, "product": 1, "quantity": 1, "product_price": 120.0, "ordered": true, "created_at": "2023-05-28T18:00:39.710Z", "updated_at": "2023-05-28T18:00:39.725Z", "variation": [9, 10]}}, {"model": "orders.orderproduct", "pk": 9, "fields": {"order": 37, "payment": 7, "user": 19, "product": 3, "quantity": 1, "product_price": 500.0, "ordered": true, "created_at": "2023-05-28T18:02:24.456Z", "updated_at": "2023-05-28T18:02:24.473Z", "variation": [12, 13]}}, {"model": "orders.orderproduct", "pk": 10, "fields": {"order": 38, "payment": 8, "user": 19, "product": 1, "quantity": 1, "product_price": 120.0, "ordered": true, "created_at": "2023-05-28T18:20:29.666Z", "updated_at": "2023-05-28T18:20:29.677Z", "variation": [10, 11]}}, {"model": "orders.orderproduct", "pk": 11, "fields": {"order": 39, "payment": 9, "user": 1, "product": 1, "quantity": 3, "product_price": 120.0, "ordered": true, "created_at": "2023-05-29T22:28:06.102Z", "updated_at": "2023-05-29T22:28:06.110Z", "variation": [9, 10]}}, {"model": "orders.orderproduct", "pk": 12, "fields": {"order": 39, "payment": 9, "user": 1, "product": 2, "quantity": 2, "product_price": 400.0, "ordered": true, "created_at": "2023-05-29T22:28:06.120Z", "updated_at": "2023-05-29T22:28:06.129Z", "variation": [4, 8]}}]